period,bet,n,k,hit,roi,lo,hi,pnl
探索,3連単,80628,1,0.0977,0.8238,0.805,0.845,-1420340
探索,3連単,80628,2,0.1777,0.818,0.806,0.832,-2934860
探索,3連単,80628,3,0.2416,0.815,0.804,0.826,-4473870
探索,3連単,80628,4,0.2966,0.8106,0.801,0.821,-6109340
探索,3連単,80628,5,0.3443,0.8124,0.803,0.821,-7564260
探索,3連単,80628,6,0.3862,0.8067,0.798,0.815,-9349540
探索,3連単,80628,7,0.424,0.8078,0.8,0.816,-10846232
探索,3連単,80628,8,0.4577,0.8046,0.797,0.813,-12606440
探索,3連単,80628,9,0.487,0.8016,0.795,0.809,-14394768
探索,3連単,80628,10,0.5163,0.8053,0.798,0.812,-15701632
探索,3連単,80628,11,0.5409,0.8023,0.796,0.809,-17535264
探索,3連単,80628,12,0.5641,0.8005,0.793,0.808,-19305472
探索,3連単,80628,13,0.5864,0.8027,0.796,0.811,-20676208
探索,3連単,80628,14,0.6059,0.802,0.795,0.809,-22353024
探索,3連単,80628,15,0.6237,0.7993,0.792,0.806,-24278128
探索,3連単,80628,16,0.6402,0.7956,0.789,0.802,-26373744
探索,3連単,80628,17,0.6562,0.7963,0.79,0.803,-27915216
探索,3連単,80628,18,0.6707,0.7945,0.788,0.801,-29829688
探索,3連単,80628,19,0.685,0.7947,0.788,0.801,-31453904
探索,3連単,80628,20,0.6978,0.7928,0.786,0.8,-33406952
探索,3連単,80628,25,0.7506,0.7762,0.769,0.783,-45102160
探索,3連単,80628,30,0.7914,0.7662,0.76,0.772,-56558000
探索,3連単,80628,35,0.8243,0.7552,0.749,0.762,-69093088
探索,3連単,80628,40,0.8527,0.7501,0.743,0.757,-80605792
探索,3連単,80628,45,0.8749,0.7387,0.732,0.746,-94804432
探索,3連単,80628,50,0.894,0.7305,0.723,0.737,-108640736
探索,3連単,80628,55,0.9112,0.7256,0.718,0.733,-121700336
探索,3連単,80628,60,0.9264,0.7189,0.712,0.727,-135968928
探索,3連単,80628,65,0.9389,0.709,0.701,0.717,-152501168
探索,3連単,80628,70,0.9492,0.7016,0.694,0.709,-168394080
探索,3連単,80628,75,0.9581,0.6936,0.686,0.702,-185278416
探索,3連単,80628,80,0.966,0.6839,0.676,0.692,-203911808
探索,3連単,80628,85,0.973,0.6766,0.668,0.685,-221609840
探索,3連単,80628,90,0.9793,0.6693,0.661,0.678,-239937248
探索,3連単,80628,95,0.9849,0.662,0.654,0.67,-258920240
探索,3連単,80628,100,0.9887,0.6494,0.641,0.658,-282691296
探索,3連単,80628,105,0.9925,0.6409,0.633,0.649,-304017616
探索,3連単,80628,110,0.9954,0.63,0.621,0.639,-328199776
探索,3連単,80628,115,0.9981,0.6218,0.613,0.63,-350679344
探索,3連単,80628,120,1.0,0.6115,0.601,0.62,-375868928
探索,3連複,80628,1,0.252,0.8299,0.819,0.841,-1371860
探索,3連複,80628,2,0.4146,0.8175,0.81,0.825,-2942550
探索,3連複,80628,3,0.5421,0.8183,0.813,0.824,-4395900
探索,3連複,80628,4,0.6317,0.8156,0.81,0.822,-5947870
探索,3連複,80628,5,0.7033,0.8091,0.803,0.815,-7694380
探索,3連複,80628,6,0.7614,0.8033,0.798,0.809,-9516080
探索,3連複,80628,7,0.8075,0.796,0.791,0.801,-11513288
探索,3連複,80628,8,0.8449,0.7901,0.785,0.795,-13538300
探索,3連複,80628,9,0.8759,0.7796,0.774,0.784,-15993248
探索,3連複,80628,10,0.9008,0.7662,0.761,0.771,-18847472
探索,3連複,80628,11,0.9178,0.7475,0.743,0.753,-22397488
探索,3連複,80628,12,0.9328,0.7313,0.726,0.736,-25996840
探索,3連複,80628,13,0.9464,0.7191,0.713,0.725,-29447944
探索,3連複,80628,14,0.958,0.7033,0.698,0.71,-33486040
探索,3連複,80628,15,0.968,0.689,0.683,0.695,-37614992
探索,3連複,80628,16,0.9774,0.6766,0.671,0.683,-41716600
探索,3連複,80628,17,0.9841,0.6614,0.655,0.668,-46417376
探索,3連複,80628,18,0.9904,0.6485,0.643,0.655,-51019184
探索,3連複,80628,19,0.9963,0.6371,0.631,0.643,-55597344
探索,3連複,80628,20,1.0,0.6204,0.614,0.626,-61218816
探索,2連単,80628,1,0.2344,0.8174,0.806,0.83,-1472370
探索,2連単,80628,2,0.3997,0.8206,0.813,0.828,-2893360
探索,2連単,80628,3,0.5156,0.8203,0.814,0.827,-4346410
探索,2連単,80628,4,0.5994,0.8203,0.814,0.827,-5795660
探索,2連単,80628,5,0.6602,0.8173,0.811,0.823,-7364450
探索,2連単,80628,6,0.708,0.8099,0.804,0.816,-9194312
探索,2連単,80628,7,0.7467,0.8022,0.795,0.809,-11165248
探索,2連単,80628,8,0.7796,0.7973,0.79,0.803,-13072928
探索,2連単,80628,9,0.8067,0.7895,0.782,0.796,-15272208
探索,2連単,80628,10,0.8298,0.7779,0.771,0.784,-17903580
探索,2連単,80628,11,0.8513,0.7727,0.766,0.778,-20162144
探索,2連単,80628,12,0.8706,0.7661,0.759,0.772,-22631048
探索,2連単,80628,13,0.8883,0.7623,0.756,0.769,-24916040
探索,2連単,80628,14,0.9033,0.7574,0.751,0.764,-27383960
探索,2連単,80628,15,0.9166,0.7496,0.743,0.756,-30280360
探索,2連単,80628,16,0.9283,0.7424,0.736,0.748,-33235152
探索,2連単,80628,17,0.9386,0.7351,0.728,0.741,-36307000
探索,2連単,80628,18,0.9477,0.7254,0.719,0.732,-39846480
探索,2連単,80628,19,0.9563,0.7178,0.711,0.724,-43237280
探索,2連単,80628,20,0.9641,0.7109,0.704,0.718,-46618320
探索,2連単,80628,21,0.9703,0.7039,0.697,0.711,-50137328
探索,2連単,80628,22,0.9754,0.6923,0.685,0.7,-54585784
探索,2連単,80628,23,0.9798,0.6801,0.673,0.688,-59316960
探索,2連単,80628,24,0.9839,0.6703,0.663,0.678,-63789808
探索,2連単,80628,25,0.9876,0.662,0.655,0.67,-68122344
探索,2連単,80628,26,0.9909,0.6537,0.646,0.662,-72600256
探索,2連単,80628,27,0.9939,0.6455,0.638,0.654,-77173488
探索,2連単,80628,28,0.9964,0.6364,0.628,0.644,-82083360
探索,2連単,80628,29,0.9985,0.6267,0.619,0.634,-87288336
探索,2連単,80628,30,1.0,0.615,0.607,0.622,-93123776
探索,2連複,80628,1,0.3264,0.8443,0.836,0.853,-1255260
探索,2連複,80628,2,0.5266,0.853,0.846,0.861,-2371210
探索,2連複,80628,3,0.6639,0.8498,0.843,0.856,-3634280
探索,2連複,80628,4,0.7542,0.8443,0.839,0.85,-5020290
探索,2連複,80628,5,0.8142,0.8281,0.823,0.834,-6930790
探索,2連複,80628,6,0.8563,0.8034,0.798,0.809,-9509312
探索,2連複,80628,7,0.8908,0.7842,0.779,0.791,-12180328
探索,2連複,80628,8,0.9187,0.7665,0.76,0.773,-15060168
探索,2連複,80628,9,0.9406,0.7441,0.737,0.75,-18570960
探索,2連複,80628,10,0.9584,0.7279,0.721,0.734,-21942352
探索,2連複,80628,11,0.9713,0.7064,0.7,0.713,-26039620
探索,2連複,80628,12,0.9817,0.6855,0.679,0.691,-30426208
探索,2連複,80628,13,0.9897,0.6647,0.658,0.671,-35143024
探索,2連複,80628,14,0.9955,0.6424,0.635,0.649,-40365072
探索,2連複,80628,15,0.9999,0.6213,0.614,0.628,-45800448
探索,ワイド,80628,1,0.5652,0.8546,0.849,0.86,-1172240
探索,ワイド,80628,2,0.7667,0.8541,0.85,0.858,-2352670
探索,ワイド,80628,3,0.8613,0.8525,0.849,0.856,-3567210
探索,ワイド,80628,4,0.9121,0.8463,0.843,0.85,-4956600
探索,ワイド,80628,5,0.943,0.8399,0.837,0.843,-6454928
探索,ワイド,80628,6,0.964,0.8321,0.829,0.835,-8120300
探索,ワイド,80628,7,0.9762,0.8225,0.82,0.825,-10016672
探索,ワイド,80628,8,0.9857,0.8125,0.81,0.815,-12094160
探索,ワイド,80628,9,0.9909,0.804,0.801,0.807,-14224960
探索,ワイド,80628,10,0.995,0.7919,0.789,0.795,-16776592
探索,ワイド,80628,11,0.9979,0.7757,0.773,0.779,-19894240
探索,ワイド,80628,12,0.9989,0.7614,0.759,0.764,-23086480
探索,ワイド,80628,13,1.0,0.7472,0.744,0.75,-26498680
探索,ワイド,80628,14,1.0,0.733,0.729,0.737,-30142912
探索,ワイド,80628,15,1.0,0.7181,0.714,0.722,-34088648
探索,単勝,80628,1,0.5734,0.9317,0.925,0.94,-550410
探索,単勝,80628,2,0.7667,0.8684,0.862,0.876,-2121440
探索,単勝,80628,3,0.8789,0.8377,0.829,0.846,-3925680
探索,単勝,80628,4,0.9473,0.8011,0.793,0.809,-6413380
探索,単勝,80628,5,0.9859,0.7547,0.747,0.763,-9887180
探索,単勝,80628,6,0.9994,0.6848,0.676,0.693,-15248680
探索,複勝,80628,1,0.7559,0.9448,0.939,0.952,-445010
探索,複勝,80628,2,0.9159,0.9193,0.911,0.929,-1301640
探索,複勝,80628,3,0.9755,0.9041,0.897,0.912,-2320510
探索,複勝,80628,4,0.9954,0.8792,0.872,0.886,-3896050
探索,複勝,80628,5,1.0,0.8483,0.84,0.856,-6117528
探索,複勝,80628,6,1.0,0.7845,0.776,0.794,-10425000
封印テスト,3連単,62801,1,0.1005,0.8196,0.799,0.843,-1132820
封印テスト,3連単,62801,2,0.1833,0.8195,0.805,0.836,-2266510
封印テスト,3連単,62801,3,0.2461,0.8034,0.789,0.816,-3703610
封印テスト,3連単,62801,4,0.3024,0.8013,0.79,0.812,-4990380
封印テスト,3連単,62801,5,0.3491,0.8001,0.79,0.81,-6275860
封印テスト,3連単,62801,6,0.3916,0.7975,0.788,0.807,-7631320
封印テスト,3連単,62801,7,0.4288,0.7963,0.787,0.805,-8955560
封印テスト,3連単,62801,8,0.4627,0.7942,0.786,0.803,-10337240
封印テスト,3連単,62801,9,0.4928,0.7946,0.787,0.804,-11608680
封印テスト,3連単,62801,10,0.5201,0.794,0.787,0.803,-12934220
封印テスト,3連単,62801,11,0.546,0.7951,0.788,0.803,-14154348
封印テスト,3連単,62801,12,0.568,0.7895,0.783,0.797,-15863528
封印テスト,3連単,62801,13,0.5884,0.7886,0.782,0.797,-17262700
封印テスト,3連単,62801,14,0.6072,0.7843,0.778,0.791,-18964168
封印テスト,3連単,62801,15,0.6257,0.7851,0.779,0.792,-20242396
封印テスト,3連単,62801,16,0.6422,0.7822,0.776,0.789,-21881040
封印テスト,3連単,62801,17,0.6578,0.7815,0.775,0.789,-23322260
封印テスト,3連単,62801,18,0.6716,0.7782,0.772,0.785,-25067096
封印テスト,3連単,62801,19,0.6845,0.7741,0.768,0.781,-26956076
封印テスト,3連単,62801,20,0.6969,0.7717,0.765,0.779,-28671432
封印テスト,3連単,62801,25,0.7524,0.7735,0.766,0.781,-35555452
封印テスト,3連単,62801,30,0.7937,0.7633,0.756,0.771,-44604072
封印テスト,3連単,62801,35,0.8273,0.7564,0.749,0.764,-53553404
封印テスト,3連単,62801,40,0.8557,0.7524,0.745,0.761,-62201520
封印テスト,3連単,62801,45,0.8788,0.7437,0.737,0.752,-72438708
封印テスト,3連単,62801,50,0.8982,0.7361,0.728,0.744,-82868520
封印テスト,3連単,62801,55,0.915,0.7268,0.719,0.735,-94366780
封印テスト,3連単,62801,60,0.9296,0.719,0.711,0.727,-105872368
封印テスト,3連単,62801,65,0.9416,0.7077,0.699,0.716,-119324132
封印テスト,3連単,62801,70,0.9516,0.6956,0.687,0.705,-133817112
封印テスト,3連単,62801,75,0.9604,0.6867,0.678,0.695,-147566284
封印テスト,3連単,62801,80,0.9684,0.679,0.67,0.688,-161265824
封印テスト,3連単,62801,85,0.9746,0.6666,0.657,0.676,-177955316
封印テスト,3連単,62801,90,0.98,0.657,0.648,0.666,-193886760
封印テスト,3連単,62801,95,0.9852,0.6476,0.638,0.657,-210247708
封印テスト,3連単,62801,100,0.9895,0.6386,0.629,0.648,-226931920
封印テスト,3連単,62801,105,0.9933,0.6315,0.621,0.641,-242971492
封印テスト,3連単,62801,110,0.9961,0.6213,0.611,0.631,-261635000
封印テスト,3連単,62801,115,0.9984,0.6114,0.6,0.621,-280654828
封印テスト,3連単,62801,120,1.0,0.6005,0.59,0.61,-301078976
封印テスト,3連複,62801,1,0.2539,0.8099,0.8,0.821,-1193870
封印テスト,3連複,62801,2,0.4202,0.8096,0.801,0.818,-2392020
封印テスト,3連複,62801,3,0.5463,0.8075,0.8,0.815,-3626480
封印テスト,3連複,62801,4,0.6349,0.8014,0.795,0.808,-4988620
封印テスト,3連複,62801,5,0.7069,0.7978,0.792,0.804,-6348130
封印テスト,3連複,62801,6,0.7653,0.7962,0.79,0.802,-7680760
封印テスト,3連複,62801,7,0.8103,0.7876,0.782,0.794,-9338540
封印テスト,3連複,62801,8,0.8468,0.7789,0.773,0.786,-11108120
封印テスト,3連複,62801,9,0.878,0.7709,0.765,0.778,-12951760
封印テスト,3連複,62801,10,0.9035,0.76,0.754,0.766,-15069688
封印テスト,3連複,62801,11,0.9206,0.7417,0.736,0.747,-17841308
封印テスト,3連複,62801,12,0.935,0.7231,0.717,0.729,-20870020
封印テスト,3連複,62801,13,0.9478,0.7075,0.701,0.714,-23880780
封印テスト,3連複,62801,14,0.9599,0.6948,0.689,0.701,-26832280
封印テスト,3連複,62801,15,0.9701,0.6821,0.676,0.689,-29946372
封印テスト,3連複,62801,16,0.9783,0.6671,0.661,0.674,-33451928
封印テスト,3連複,62801,17,0.9847,0.6535,0.647,0.661,-36995948
封印テスト,3連複,62801,18,0.9907,0.6407,0.634,0.648,-40617128
封印テスト,3連複,62801,19,0.9961,0.6278,0.621,0.636,-44416468
封印テスト,3連複,62801,20,1.0,0.6136,0.606,0.621,-48528680
封印テスト,2連単,62801,1,0.2374,0.8196,0.807,0.833,-1132800
封印テスト,2連単,62801,2,0.4023,0.8201,0.811,0.831,-2259090
封印テスト,2連単,62801,3,0.5169,0.8166,0.809,0.825,-3455590
封印テスト,2連単,62801,4,0.5996,0.8143,0.807,0.822,-4665890
封印テスト,2連単,62801,5,0.6624,0.8162,0.809,0.823,-5772490
封印テスト,2連単,62801,6,0.7096,0.8076,0.801,0.816,-7248870
封印テスト,2連単,62801,7,0.749,0.8004,0.794,0.808,-8774160
封印テスト,2連単,62801,8,0.7806,0.7907,0.784,0.798,-10514820
封印テスト,2連単,62801,9,0.8077,0.7843,0.777,0.792,-12190900
封印テスト,2連単,62801,10,0.8325,0.7792,0.771,0.787,-13868700
封印テスト,2連単,62801,11,0.8529,0.7692,0.761,0.777,-15945220
封印テスト,2連単,62801,12,0.8718,0.7595,0.752,0.767,-18126400
封印テスト,2連単,62801,13,0.8889,0.7539,0.747,0.762,-20092628
封印テスト,2連単,62801,14,0.9049,0.7511,0.744,0.759,-21882960
封印テスト,2連単,62801,15,0.9181,0.746,0.739,0.754,-23924820
封印テスト,2連単,62801,16,0.9297,0.7379,0.73,0.745,-26338096
封印テスト,2連単,62801,17,0.9402,0.7294,0.722,0.737,-28894244
封印テスト,2連単,62801,18,0.9499,0.7231,0.715,0.731,-31300472
封印テスト,2連単,62801,19,0.9582,0.7154,0.708,0.722,-33953756
封印テスト,2連単,62801,20,0.9656,0.706,0.698,0.713,-36925760
封印テスト,2連単,62801,21,0.9716,0.6957,0.688,0.703,-40132628
封印テスト,2連単,62801,22,0.977,0.6851,0.677,0.692,-43511816
封印テスト,2連単,62801,23,0.9813,0.6729,0.664,0.681,-47246796
封印テスト,2連単,62801,24,0.9854,0.6634,0.654,0.671,-50735120
封印テスト,2連単,62801,25,0.9886,0.6527,0.644,0.66,-54534780
封印テスト,2連単,62801,26,0.9918,0.6439,0.635,0.651,-58141656
封印テスト,2連単,62801,27,0.9945,0.6335,0.624,0.641,-62152108
封印テスト,2連単,62801,28,0.9966,0.6212,0.612,0.629,-66616408
封印テスト,2連単,62801,29,0.9986,0.6108,0.601,0.619,-70877420
封印テスト,2連単,62801,30,1.0,0.5995,0.59,0.608,-75463080
封印テスト,2連複,62801,1,0.3247,0.8417,0.831,0.853,-993830
封印テスト,2連複,62801,2,0.5291,0.8587,0.851,0.868,-1774210
封印テスト,2連複,62801,3,0.6665,0.8481,0.842,0.856,-2860900
封印テスト,2連複,62801,4,0.7541,0.8349,0.829,0.842,-4148370
封印テスト,2連複,62801,5,0.8148,0.8216,0.815,0.828,-5603120
封印テスト,2連複,62801,6,0.8582,0.7991,0.792,0.807,-7571770
封印テスト,2連複,62801,7,0.8933,0.782,0.775,0.789,-9584052
封印テスト,2連複,62801,8,0.9193,0.7594,0.753,0.767,-12089632
封印テスト,2連複,62801,9,0.942,0.7415,0.734,0.749,-14609732
封印テスト,2連複,62801,10,0.96,0.7227,0.715,0.73,-17414020
封印テスト,2連複,62801,11,0.9726,0.7021,0.695,0.709,-20580852
封印テスト,2連複,62801,12,0.9825,0.68,0.672,0.687,-24115952
封印テスト,2連複,62801,13,0.99,0.6568,0.649,0.664,-28016148
封印テスト,2連複,62801,14,0.9958,0.635,0.627,0.642,-32093860
封印テスト,2連複,62801,15,1.0,0.6139,0.605,0.621,-36370280
封印テスト,ワイド,62801,1,0.5671,0.853,0.847,0.859,-922890
封印テスト,ワイド,62801,2,0.7683,0.8513,0.847,0.856,-1868110
封印テスト,ワイド,62801,3,0.8633,0.8529,0.849,0.857,-2771410
封印テスト,ワイド,62801,4,0.9147,0.8461,0.842,0.85,-3865720
封印テスト,ワイド,62801,5,0.9447,0.8398,0.837,0.843,-5029100
封印テスト,ワイド,62801,6,0.9655,0.8313,0.828,0.835,-6355990
封印テスト,ワイド,62801,7,0.9772,0.8216,0.819,0.825,-7841960
封印テスト,ワイド,62801,8,0.9861,0.8137,0.811,0.817,-9357632
封印テスト,ワイド,62801,9,0.9912,0.8027,0.8,0.806,-11152600
封印テスト,ワイド,62801,10,0.9953,0.7906,0.787,0.794,-13147660
封印テスト,ワイド,62801,11,0.9979,0.7753,0.772,0.779,-15519280
封印テスト,ワイド,62801,12,0.9988,0.7598,0.756,0.763,-18101088
封印テスト,ワイド,62801,13,1.0,0.7468,0.742,0.751,-20675120
封印テスト,ワイド,62801,14,1.0,0.7329,0.728,0.737,-23484440
封印テスト,ワイド,62801,15,1.0,0.7167,0.712,0.721,-26691052
封印テスト,単勝,62801,1,0.5765,0.9265,0.919,0.934,-461430
封印テスト,単勝,62801,2,0.7669,0.855,0.847,0.863,-1820960
封印テスト,単勝,62801,3,0.8813,0.8279,0.82,0.836,-3243230
封印テスト,単勝,62801,4,0.9486,0.7885,0.781,0.796,-5313860
封印テスト,単勝,62801,5,0.9868,0.7442,0.736,0.752,-8031960
封印テスト,単勝,62801,6,0.9999,0.6761,0.667,0.685,-12206200
封印テスト,複勝,62801,1,0.757,0.948,0.941,0.955,-326260
封印テスト,複勝,62801,2,0.9168,0.9172,0.911,0.924,-1040080
封印テスト,複勝,62801,3,0.976,0.9088,0.9,0.919,-1718350
封印テスト,複勝,62801,4,0.9957,0.8838,0.873,0.898,-2917880
封印テスト,複勝,62801,5,1.0,0.8492,0.84,0.861,-4733860
封印テスト,複勝,62801,6,1.0,0.7853,0.776,0.796,-8088840
