stadium_code,stadium,wind_dir,wind_band,wave_band,n,c1_win_rate,avg_payout
1,桐生,北北東,1-2,1-3,1036,0.5261,7644.0
1,桐生,北北東,3-4,1-3,555,0.5063,7998.0
1,桐生,北北東,3-4,4-6,79,0.5063,7693.0
1,桐生,北北東,5-6,4-6,653,0.4809,8143.0
1,桐生,北北東,7+,4-6,106,0.434,6951.0
1,桐生,北北東,7+,7-10,497,0.4588,8516.0
1,桐生,南南東,1-2,1-3,2363,0.5751,6931.0
1,桐生,南南東,3-4,1-3,507,0.57,7058.0
1,桐生,南南西,1-2,1-3,2206,0.4977,7669.0
1,桐生,南南西,3-4,1-3,3091,0.4953,7941.0
1,桐生,南南西,5-6,4-6,381,0.5433,8317.0
1,桐生,東北東,1-2,1-3,1534,0.5567,7145.0
1,桐生,東北東,3-4,1-3,753,0.49,8256.0
1,桐生,東北東,3-4,4-6,50,0.48,7425.0
1,桐生,東北東,5-6,4-6,569,0.4851,7606.0
1,桐生,東北東,5-6,7-10,35,0.5143,5271.0
1,桐生,東北東,7+,4-6,140,0.4357,7981.0
1,桐生,東北東,7+,7-10,607,0.4629,7210.0
1,桐生,東南東,1-2,1-3,1157,0.5635,6933.0
1,桐生,東南東,3-4,1-3,158,0.538,6678.0
1,桐生,無風,0,0,3481,0.547,7243.0
1,桐生,西北西,1-2,1-3,108,0.5556,7529.0
1,桐生,西南西,1-2,1-3,963,0.4818,7208.0
1,桐生,西南西,3-4,1-3,398,0.3744,9366.0
1,桐生,西南西,5-6,4-6,53,0.5094,5667.0
2,戸田,北北東,1-2,1-3,257,0.4786,6287.0
2,戸田,北北東,3-4,1-3,229,0.5066,6718.0
2,戸田,北北東,5-6,1-3,49,0.4898,7416.0
2,戸田,北北西,1-2,0,218,0.4312,6357.0
2,戸田,北北西,1-2,1-3,1487,0.4593,7597.0
2,戸田,北北西,3-4,1-3,714,0.451,8047.0
2,戸田,北北西,5-6,1-3,215,0.386,7129.0
2,戸田,北北西,5-6,4-6,95,0.4316,6986.0
2,戸田,北北西,7+,4-6,99,0.404,6921.0
2,戸田,南南東,1-2,0,394,0.3934,7560.0
2,戸田,南南東,1-2,1-3,1465,0.4048,7227.0
2,戸田,南南東,3-4,1-3,352,0.4148,7652.0
2,戸田,南南東,5-6,1-3,66,0.3788,6332.0
2,戸田,南南西,1-2,0,65,0.4615,9723.0
2,戸田,南南西,1-2,1-3,731,0.4473,8084.0
2,戸田,南南西,3-4,1-3,334,0.4042,7778.0
2,戸田,東北東,1-2,0,63,0.3492,9847.0
2,戸田,東北東,1-2,1-3,293,0.3993,6370.0
2,戸田,東北東,3-4,1-3,142,0.4296,8564.0
2,戸田,東南東,1-2,0,98,0.4082,8474.0
2,戸田,東南東,1-2,1-3,948,0.4272,6941.0
2,戸田,東南東,3-4,1-3,945,0.4106,7565.0
2,戸田,東南東,5-6,1-3,303,0.4257,7637.0
2,戸田,東南東,5-6,4-6,368,0.3859,6715.0
2,戸田,東南東,7+,4-6,422,0.41,7126.0
2,戸田,東南東,7+,7-10,266,0.4023,6384.0
2,戸田,無風,0,0,5455,0.4293,7525.0
2,戸田,西北西,1-2,0,70,0.5286,6837.0
2,戸田,西北西,1-2,1-3,982,0.4165,7828.0
2,戸田,西北西,3-4,1-3,889,0.4713,7824.0
2,戸田,西北西,5-6,1-3,88,0.4091,8602.0
2,戸田,西北西,5-6,4-6,75,0.4933,9424.0
2,戸田,西南西,1-2,0,150,0.4867,7504.0
2,戸田,西南西,1-2,1-3,1365,0.4454,7275.0
2,戸田,西南西,3-4,1-3,1081,0.4487,7250.0
2,戸田,西南西,3-4,4-6,33,0.4545,14135.0
2,戸田,西南西,5-6,1-3,194,0.4072,7063.0
2,戸田,西南西,5-6,4-6,157,0.4777,9518.0
2,戸田,西南西,7+,4-6,39,0.3333,9167.0
3,江戸川,北北東,1-2,4-6,315,0.5111,5409.0
3,江戸川,北北東,3-4,4-6,631,0.4945,7305.0
3,江戸川,北北東,3-4,7-10,70,0.5571,4778.0
3,江戸川,北北東,5-6,4-6,257,0.4942,7661.0
3,江戸川,北北東,5-6,7-10,51,0.3725,7749.0
3,江戸川,北北西,1-2,4-6,550,0.4655,6708.0
3,江戸川,北北西,1-2,7-10,48,0.4792,7808.0
3,江戸川,北北西,3-4,4-6,285,0.4877,7418.0
3,江戸川,北北西,3-4,7-10,31,0.6774,4941.0
3,江戸川,北北西,5-6,4-6,49,0.5102,8398.0
3,江戸川,南南東,1-2,4-6,161,0.5217,5798.0
3,江戸川,南南東,3-4,4-6,55,0.4545,7773.0
3,江戸川,南南西,1-2,4-6,157,0.5096,5936.0
3,江戸川,南南西,3-4,4-6,373,0.4853,6483.0
3,江戸川,南南西,3-4,7-10,100,0.54,6659.0
3,江戸川,南南西,3-4,11+,40,0.525,7906.0
3,江戸川,南南西,5-6,4-6,220,0.4455,5492.0
3,江戸川,南南西,5-6,7-10,175,0.4743,7563.0
3,江戸川,南南西,5-6,11+,122,0.418,10425.0
3,江戸川,南南西,7+,4-6,45,0.4889,8534.0
3,江戸川,南南西,7+,7-10,80,0.4875,9066.0
3,江戸川,南南西,7+,11+,202,0.4307,6296.0
3,江戸川,東北東,1-2,4-6,474,0.4979,6218.0
3,江戸川,東北東,3-4,4-6,1111,0.4572,7667.0
3,江戸川,東北東,3-4,7-10,209,0.4545,8178.0
3,江戸川,東北東,3-4,11+,38,0.3947,11211.0
3,江戸川,東北東,5-6,4-6,996,0.4729,6739.0
3,江戸川,東北東,5-6,7-10,480,0.4375,8853.0
3,江戸川,東北東,5-6,11+,295,0.4576,7431.0
3,江戸川,東北東,7+,4-6,357,0.4594,6136.0
3,江戸川,東北東,7+,7-10,430,0.4698,6460.0
3,江戸川,東北東,7+,11+,1062,0.3879,7420.0
3,江戸川,東南東,1-2,4-6,217,0.447,7140.0
3,江戸川,東南東,3-4,4-6,566,0.4788,7169.0
3,江戸川,東南東,3-4,7-10,114,0.4298,9126.0
3,江戸川,東南東,3-4,11+,32,0.5,4648.0
3,江戸川,東南東,5-6,4-6,289,0.4083,6481.0
3,江戸川,東南東,5-6,7-10,161,0.4037,7787.0
3,江戸川,東南東,5-6,11+,133,0.4135,6038.0
3,江戸川,東南東,7+,4-6,67,0.5075,4913.0
3,江戸川,東南東,7+,7-10,156,0.5192,7055.0
3,江戸川,東南東,7+,11+,274,0.4526,9085.0
3,江戸川,無風,0,4-6,257,0.4747,10106.0
3,江戸川,西北西,1-2,4-6,540,0.4667,7891.0
3,江戸川,西北西,3-4,4-6,1285,0.4778,7002.0
3,江戸川,西北西,3-4,7-10,175,0.5029,6416.0
3,江戸川,西北西,5-6,4-6,759,0.4677,6542.0
3,江戸川,西北西,5-6,7-10,360,0.475,8039.0
3,江戸川,西北西,5-6,11+,160,0.5688,7051.0
3,江戸川,西北西,7+,4-6,110,0.4,5481.0
3,江戸川,西北西,7+,7-10,129,0.4961,6173.0
3,江戸川,西北西,7+,11+,147,0.5238,6813.0
3,江戸川,西南西,1-2,4-6,537,0.4749,7417.0
3,江戸川,西南西,1-2,7-10,36,0.3056,8433.0
3,江戸川,西南西,3-4,4-6,1353,0.4605,7676.0
3,江戸川,西南西,3-4,7-10,211,0.455,6420.0
3,江戸川,西南西,3-4,11+,35,0.4857,9002.0
3,江戸川,西南西,5-6,4-6,678,0.4676,8080.0
3,江戸川,西南西,5-6,7-10,258,0.4031,9059.0
3,江戸川,西南西,5-6,11+,169,0.503,7682.0
3,江戸川,西南西,7+,4-6,110,0.4455,8349.0
3,江戸川,西南西,7+,7-10,97,0.5979,9936.0
3,江戸川,西南西,7+,11+,178,0.4494,7636.0
4,平和島,北,1-2,1-3,1551,0.4636,7747.0
4,平和島,北,3-4,1-3,111,0.4054,9191.0
4,平和島,北東,1-2,1-3,2082,0.4606,7686.0
4,平和島,北東,3-4,1-3,965,0.4705,7610.0
4,平和島,北東,5-6,1-3,179,0.4302,6215.0
4,平和島,北東,5-6,4-6,45,0.3333,5568.0
4,平和島,北東,7+,4-6,37,0.4595,12089.0
4,平和島,北西,1-2,1-3,1368,0.4452,7984.0
4,平和島,北西,3-4,1-3,546,0.4304,9492.0
4,平和島,北西,5-6,1-3,77,0.3506,9947.0
4,平和島,北西,5-6,4-6,34,0.4412,10726.0
4,平和島,南,1-2,1-3,124,0.4355,8139.0
4,平和島,南東,1-2,1-3,163,0.4601,7725.0
4,平和島,南東,3-4,1-3,144,0.4167,7691.0
4,平和島,南東,5-6,1-3,76,0.4342,5829.0
4,平和島,南東,5-6,4-6,70,0.4857,6988.0
4,平和島,南東,7+,4-6,114,0.4298,5998.0
4,平和島,南東,7+,7-10,44,0.4545,5451.0
4,平和島,南東,7+,11+,62,0.4032,11307.0
4,平和島,南西,1-2,1-3,178,0.5,6882.0
4,平和島,南西,3-4,1-3,104,0.4231,9146.0
4,平和島,南西,5-6,4-6,39,0.3846,10223.0
4,平和島,南西,7+,4-6,34,0.3824,12905.0
4,平和島,南西,7+,7-10,35,0.4286,5614.0
4,平和島,東,1-2,1-3,1632,0.4767,7535.0
4,平和島,東,3-4,1-3,2604,0.472,7212.0
4,平和島,東,3-4,4-6,107,0.5327,7137.0
4,平和島,東,5-6,1-3,1092,0.4725,7213.0
4,平和島,東,5-6,4-6,672,0.4554,7449.0
4,平和島,東,7+,1-3,108,0.5093,8417.0
4,平和島,東,7+,4-6,381,0.4304,7307.0
4,平和島,東,7+,7-10,240,0.475,7286.0
4,平和島,東,7+,11+,32,0.4375,5647.0
4,平和島,無風,0,1-3,848,0.454,8046.0
4,平和島,西,1-2,1-3,1482,0.4224,8070.0
4,平和島,西,3-4,1-3,1548,0.4109,8328.0
4,平和島,西,3-4,4-6,85,0.4471,8277.0
4,平和島,西,5-6,1-3,335,0.4119,7897.0
4,平和島,西,5-6,4-6,377,0.4085,8272.0
4,平和島,西,7+,4-6,234,0.406,8936.0
4,平和島,西,7+,7-10,92,0.3478,9720.0
4,平和島,西,7+,11+,78,0.3846,8383.0
5,多摩川,北,1-2,1-3,1512,0.5562,7638.0
5,多摩川,北,3-4,1-3,385,0.5117,6984.0
5,多摩川,北,5-6,1-3,89,0.6067,7219.0
5,多摩川,北東,1-2,1-3,2476,0.4947,7235.0
5,多摩川,北東,3-4,1-3,1360,0.5184,7330.0
5,多摩川,北東,5-6,1-3,156,0.4679,7312.0
5,多摩川,北東,5-6,4-6,38,0.4474,8191.0
5,多摩川,北西,1-2,1-3,1063,0.5061,7115.0
5,多摩川,北西,3-4,1-3,238,0.5252,7522.0
5,多摩川,北西,5-6,1-3,67,0.4776,7919.0
5,多摩川,南,1-2,1-3,2616,0.5478,7719.0
5,多摩川,南,3-4,1-3,1578,0.564,7095.0
5,多摩川,南,5-6,1-3,364,0.533,7843.0
5,多摩川,南,7+,1-3,45,0.5333,8112.0
5,多摩川,南,7+,4-6,43,0.4884,7364.0
5,多摩川,南東,1-2,1-3,1778,0.5422,7459.0
5,多摩川,南東,3-4,1-3,1089,0.5739,6887.0
5,多摩川,南東,5-6,1-3,122,0.5492,6129.0
5,多摩川,南西,1-2,1-3,835,0.5269,6693.0
5,多摩川,南西,3-4,1-3,552,0.5543,6779.0
5,多摩川,南西,5-6,1-3,175,0.5429,7502.0
5,多摩川,南西,7+,1-3,30,0.3667,6605.0
5,多摩川,東,1-2,1-3,1545,0.5133,6841.0
5,多摩川,東,3-4,1-3,908,0.5198,8564.0
5,多摩川,東,5-6,1-3,161,0.5776,5550.0
5,多摩川,無風,0,1-3,1140,0.5009,7277.0
5,多摩川,西,1-2,1-3,357,0.5042,8084.0
5,多摩川,西,3-4,1-3,80,0.6375,4639.0
6,浜名湖,北,1-2,0,83,0.5904,6633.0
6,浜名湖,北,1-2,1-3,1412,0.5595,6898.0
6,浜名湖,北,3-4,1-3,1456,0.5254,7634.0
6,浜名湖,北,5-6,1-3,229,0.4236,12212.0
6,浜名湖,北東,1-2,0,36,0.5278,7679.0
6,浜名湖,北東,1-2,1-3,824,0.5619,6545.0
6,浜名湖,北東,3-4,1-3,2297,0.5551,7064.0
6,浜名湖,北東,5-6,1-3,1418,0.5,7602.0
6,浜名湖,北東,5-6,4-6,292,0.4315,7792.0
6,浜名湖,北東,7+,4-6,261,0.5096,7587.0
6,浜名湖,北西,1-2,1-3,195,0.5744,7396.0
6,浜名湖,北西,3-4,1-3,749,0.494,7739.0
6,浜名湖,北西,5-6,1-3,465,0.4774,8395.0
6,浜名湖,北西,5-6,4-6,49,0.449,8410.0
6,浜名湖,北西,7+,4-6,38,0.3421,11004.0
6,浜名湖,南,1-2,0,96,0.4896,8804.0
6,浜名湖,南,1-2,1-3,810,0.5432,6791.0
6,浜名湖,南,3-4,1-3,197,0.5025,8723.0
6,浜名湖,南東,1-2,1-3,326,0.5583,6188.0
6,浜名湖,南東,3-4,1-3,140,0.5,7785.0
6,浜名湖,南西,1-2,0,46,0.4565,5900.0
6,浜名湖,南西,1-2,1-3,413,0.6029,6415.0
6,浜名湖,南西,3-4,1-3,1194,0.5829,6883.0
6,浜名湖,南西,5-6,1-3,228,0.5439,7713.0
6,浜名湖,東,1-2,0,56,0.4821,6788.0
6,浜名湖,東,1-2,1-3,635,0.5559,6626.0
6,浜名湖,東,3-4,1-3,425,0.5224,6610.0
6,浜名湖,東,5-6,1-3,120,0.475,9161.0
6,浜名湖,無風,0,0,679,0.5331,7249.0
6,浜名湖,西,1-2,0,51,0.5098,4938.0
6,浜名湖,西,1-2,1-3,813,0.5621,7522.0
6,浜名湖,西,3-4,1-3,4173,0.5179,7274.0
6,浜名湖,西,5-6,1-3,1843,0.4601,8212.0
6,浜名湖,西,5-6,4-6,165,0.503,7266.0
6,浜名湖,西,7+,4-6,93,0.4301,9257.0
7,蒲郡,北,1-2,0,909,0.5798,6550.0
7,蒲郡,北,1-2,1-3,1858,0.5614,6683.0
7,蒲郡,北,3-4,1-3,2839,0.5491,7343.0
7,蒲郡,北,5-6,1-3,593,0.5481,6987.0
7,蒲郡,北,5-6,4-6,138,0.5797,5702.0
7,蒲郡,北東,1-2,0,384,0.6172,6221.0
7,蒲郡,北東,1-2,1-3,216,0.5787,6463.0
7,蒲郡,北東,3-4,1-3,131,0.6107,8362.0
7,蒲郡,北西,1-2,0,681,0.583,6459.0
7,蒲郡,北西,1-2,1-3,1082,0.5758,6721.0
7,蒲郡,北西,3-4,1-3,1259,0.5139,7395.0
7,蒲郡,北西,5-6,1-3,254,0.5118,7321.0
7,蒲郡,北西,5-6,4-6,49,0.4694,7577.0
7,蒲郡,南,1-2,0,367,0.6022,6203.0
7,蒲郡,南,1-2,1-3,1333,0.5769,6154.0
7,蒲郡,南,3-4,1-3,1643,0.591,6752.0
7,蒲郡,南,5-6,1-3,61,0.4754,7842.0
7,蒲郡,南東,1-2,0,217,0.6682,7219.0
7,蒲郡,南東,1-2,1-3,425,0.5647,7134.0
7,蒲郡,南東,3-4,1-3,849,0.5607,7876.0
7,蒲郡,南東,5-6,1-3,184,0.5217,7558.0
7,蒲郡,南東,5-6,4-6,48,0.625,8676.0
7,蒲郡,南西,1-2,0,204,0.5294,10328.0
7,蒲郡,南西,1-2,1-3,459,0.5098,6268.0
7,蒲郡,南西,3-4,1-3,971,0.5057,6877.0
7,蒲郡,南西,5-6,1-3,51,0.451,8209.0
7,蒲郡,東,1-2,0,179,0.6592,5244.0
7,蒲郡,東,1-2,1-3,172,0.593,6842.0
7,蒲郡,東,3-4,1-3,89,0.5169,6692.0
7,蒲郡,無風,0,0,1376,0.6032,6364.0
7,蒲郡,西,1-2,0,240,0.5833,5527.0
7,蒲郡,西,1-2,1-3,691,0.5948,5750.0
7,蒲郡,西,3-4,1-3,1555,0.49,7211.0
7,蒲郡,西,5-6,1-3,257,0.4708,6507.0
7,蒲郡,西,5-6,4-6,41,0.5366,6510.0
8,常滑,北,1-2,0,714,0.6008,6814.0
8,常滑,北,1-2,1-3,357,0.5966,6748.0
8,常滑,北,3-4,1-3,247,0.5385,10241.0
8,常滑,北東,1-2,0,277,0.5884,6204.0
8,常滑,北東,1-2,1-3,233,0.5794,5991.0
8,常滑,北東,3-4,1-3,70,0.5,9389.0
8,常滑,北西,1-2,0,734,0.624,7534.0
8,常滑,北西,1-2,1-3,1312,0.5755,8030.0
8,常滑,北西,3-4,1-3,1836,0.5626,7205.0
8,常滑,北西,5-6,1-3,326,0.5521,7313.0
8,常滑,北西,5-6,4-6,621,0.4557,9414.0
8,常滑,北西,7+,4-6,279,0.4588,8139.0
8,常滑,北西,7+,7-10,37,0.4054,12827.0
8,常滑,南,1-2,0,900,0.6111,6734.0
8,常滑,南,1-2,1-3,1695,0.6153,6904.0
8,常滑,南,3-4,1-3,964,0.6131,6471.0
8,常滑,南東,1-2,0,437,0.5767,6876.0
8,常滑,南東,1-2,1-3,995,0.591,6831.0
8,常滑,南東,3-4,1-3,1569,0.6048,6157.0
8,常滑,南東,5-6,1-3,286,0.521,7925.0
8,常滑,南東,5-6,4-6,183,0.5246,8524.0
8,常滑,南東,7+,4-6,52,0.5769,6136.0
8,常滑,南西,1-2,0,460,0.5783,6421.0
8,常滑,南西,1-2,1-3,1077,0.558,6891.0
8,常滑,南西,3-4,1-3,877,0.5747,7262.0
8,常滑,南西,5-6,1-3,56,0.4286,10057.0
8,常滑,東,1-2,0,113,0.4956,9254.0
8,常滑,東,1-2,1-3,68,0.5735,4880.0
8,常滑,東,3-4,1-3,110,0.5909,6344.0
8,常滑,無風,0,0,579,0.582,6497.0
8,常滑,西,1-2,0,1179,0.5929,8040.0
8,常滑,西,1-2,1-3,1727,0.5553,8293.0
8,常滑,西,3-4,1-3,1276,0.5682,7603.0
8,常滑,西,5-6,1-3,184,0.5163,7709.0
8,常滑,西,5-6,4-6,350,0.5114,8957.0
8,常滑,西,7+,4-6,181,0.5359,6164.0
8,常滑,西,7+,7-10,41,0.5366,7373.0
9,津,北北東,1-2,1-3,66,0.6667,4383.0
9,津,南南東,1-2,1-3,154,0.6818,6587.0
9,津,東北東,1-2,1-3,3523,0.5515,7693.0
9,津,東北東,3-4,1-3,2001,0.5322,6816.0
9,津,東北東,5-6,1-3,100,0.5,9386.0
9,津,東南東,1-2,1-3,2043,0.5869,6652.0
9,津,東南東,3-4,1-3,2438,0.5718,7226.0
9,津,東南東,5-6,1-3,434,0.5276,6455.0
9,津,東南東,5-6,4-6,202,0.5,9705.0
9,津,東南東,7+,4-6,82,0.5488,4546.0
9,津,無風,0,0,1508,0.62,6520.0
9,津,西北西,1-2,1-3,1405,0.6185,6266.0
9,津,西北西,3-4,1-3,3308,0.6058,6373.0
9,津,西北西,5-6,1-3,1205,0.5834,6806.0
9,津,西北西,5-6,4-6,680,0.5456,6445.0
9,津,西北西,7+,4-6,264,0.4811,7707.0
9,津,西南西,1-2,1-3,441,0.5941,7067.0
9,津,西南西,3-4,1-3,587,0.5315,6764.0
9,津,西南西,5-6,1-3,166,0.4819,7628.0
9,津,西南西,5-6,4-6,91,0.5385,9876.0
9,津,西南西,7+,4-6,45,0.5556,6029.0
10,三国,北北東,1-2,1-3,2045,0.5628,7366.0
10,三国,北北東,3-4,1-3,738,0.5488,7197.0
10,三国,北北東,3-4,4-6,93,0.5699,5747.0
10,三国,北北東,5-6,1-3,30,0.4,4863.0
10,三国,北北東,5-6,4-6,96,0.5417,7925.0
10,三国,北北東,7+,4-6,34,0.5588,7723.0
10,三国,北北東,7+,7-10,47,0.5532,10025.0
10,三国,北北西,1-2,1-3,510,0.5549,8506.0
10,三国,北北西,3-4,1-3,138,0.5652,7981.0
10,三国,北北西,5-6,4-6,34,0.5,7327.0
10,三国,南南東,1-2,1-3,398,0.5829,6976.0
10,三国,南南東,3-4,1-3,116,0.5776,4927.0
10,三国,南南西,1-2,1-3,202,0.5446,7624.0
10,三国,東北東,1-2,1-3,1527,0.5311,8583.0
10,三国,東北東,3-4,1-3,1967,0.5552,7076.0
10,三国,東北東,3-4,4-6,493,0.5193,6633.0
10,三国,東北東,5-6,1-3,232,0.556,6713.0
10,三国,東北東,5-6,4-6,784,0.5089,7350.0
10,三国,東北東,7+,4-6,175,0.5829,6363.0
10,三国,東北東,7+,7-10,139,0.482,7503.0
10,三国,東南東,1-2,1-3,811,0.582,6975.0
10,三国,東南東,3-4,1-3,1026,0.539,6871.0
10,三国,東南東,3-4,4-6,321,0.5234,7157.0
10,三国,東南東,5-6,1-3,159,0.4843,8525.0
10,三国,東南東,5-6,4-6,759,0.5455,7503.0
10,三国,東南東,7+,4-6,129,0.4961,5564.0
10,三国,東南東,7+,7-10,205,0.5512,6407.0
10,三国,無風,0,0,427,0.5433,6935.0
10,三国,無風,0,1-3,76,0.6184,6256.0
10,三国,西北西,1-2,1-3,702,0.5442,7711.0
10,三国,西北西,3-4,1-3,260,0.5423,5605.0
10,三国,西北西,5-6,4-6,67,0.4925,8387.0
10,三国,西北西,7+,4-6,40,0.45,6664.0
10,三国,西北西,7+,7-10,40,0.55,9726.0
10,三国,西南西,1-2,1-3,2422,0.5293,7496.0
10,三国,西南西,3-4,1-3,1889,0.5177,8183.0
10,三国,西南西,3-4,4-6,476,0.5588,8362.0
10,三国,西南西,5-6,1-3,178,0.4438,9019.0
10,三国,西南西,5-6,4-6,782,0.4629,7651.0
10,三国,西南西,7+,4-6,181,0.4807,9809.0
10,三国,西南西,7+,7-10,294,0.4048,8134.0
11,びわこ,北,1-2,1-3,452,0.4978,6742.0
11,びわこ,北,3-4,1-3,80,0.45,7003.0
11,びわこ,北,3-4,4-6,35,0.4286,15317.0
11,びわこ,北東,1-2,1-3,653,0.4931,7593.0
11,びわこ,北東,1-2,4-6,47,0.5106,7493.0
11,びわこ,北東,3-4,1-3,523,0.5143,8732.0
11,びわこ,北東,3-4,4-6,176,0.5398,8712.0
11,びわこ,北東,5-6,1-3,48,0.4167,16540.0
11,びわこ,北東,5-6,4-6,73,0.4932,9126.0
11,びわこ,北西,1-2,1-3,923,0.5558,6686.0
11,びわこ,北西,3-4,1-3,1019,0.5044,7815.0
11,びわこ,北西,3-4,4-6,247,0.5061,7611.0
11,びわこ,北西,5-6,1-3,175,0.52,6635.0
11,びわこ,北西,5-6,4-6,407,0.5012,8463.0
11,びわこ,北西,5-6,7-10,45,0.5111,8575.0
11,びわこ,北西,7+,4-6,46,0.5652,9374.0
11,びわこ,北西,7+,7-10,65,0.5692,6219.0
11,びわこ,南,1-2,1-3,852,0.588,5955.0
11,びわこ,南,3-4,1-3,181,0.5359,7892.0
11,びわこ,南,3-4,4-6,120,0.5583,11100.0
11,びわこ,南,5-6,4-6,62,0.4516,5466.0
11,びわこ,南東,1-2,1-3,3742,0.5297,6636.0
11,びわこ,南東,1-2,4-6,99,0.4646,9248.0
11,びわこ,南東,3-4,1-3,2137,0.503,8117.0
11,びわこ,南東,3-4,4-6,1102,0.5617,7079.0
11,びわこ,南東,3-4,7-10,58,0.4483,9619.0
11,びわこ,南東,5-6,1-3,42,0.4286,9956.0
11,びわこ,南東,5-6,4-6,368,0.5082,8308.0
11,びわこ,南東,5-6,7-10,132,0.6136,7235.0
11,びわこ,南東,7+,7-10,46,0.5652,5648.0
11,びわこ,南西,1-2,1-3,325,0.5262,6930.0
11,びわこ,南西,3-4,1-3,144,0.5069,8511.0
11,びわこ,南西,3-4,4-6,54,0.4815,6413.0
11,びわこ,南西,5-6,4-6,39,0.6154,4956.0
11,びわこ,東,1-2,1-3,572,0.5332,7613.0
11,びわこ,東,1-2,4-6,58,0.4828,7062.0
11,びわこ,東,3-4,1-3,348,0.5115,6807.0
11,びわこ,東,3-4,4-6,282,0.5106,7858.0
11,びわこ,東,5-6,4-6,113,0.5398,6279.0
11,びわこ,無風,0,1-3,2153,0.5876,6526.0
11,びわこ,西,1-2,1-3,1089,0.5078,7618.0
11,びわこ,西,3-4,1-3,820,0.5012,8300.0
11,びわこ,西,3-4,4-6,162,0.5617,6558.0
11,びわこ,西,5-6,1-3,102,0.4608,12397.0
11,びわこ,西,5-6,4-6,183,0.4754,7567.0
12,住之江,南東,1-2,1-3,1113,0.6011,8134.0
12,住之江,南東,3-4,1-3,305,0.5443,8347.0
12,住之江,南西,1-2,1-3,1638,0.5714,7396.0
12,住之江,南西,3-4,1-3,206,0.534,5657.0
12,住之江,東,1-2,1-3,2806,0.5887,6591.0
12,住之江,東,3-4,1-3,2594,0.5763,7280.0
12,住之江,東,5-6,1-3,483,0.501,7665.0
12,住之江,無風,0,1-3,7987,0.6032,7485.0
12,住之江,西,1-2,1-3,2954,0.5856,6751.0
12,住之江,西,3-4,1-3,990,0.5424,7314.0
12,住之江,西,5-6,1-3,158,0.4557,9208.0
13,尼崎,北北東,1-2,0,197,0.5685,6098.0
13,尼崎,北北東,3-4,0,146,0.5822,8712.0
13,尼崎,北北東,5-6,1-3,34,0.6471,3510.0
13,尼崎,北北西,1-2,0,438,0.5845,7496.0
13,尼崎,北北西,3-4,0,424,0.6108,8102.0
13,尼崎,北北西,5-6,1-3,91,0.5824,7190.0
13,尼崎,北北西,5-6,4-6,40,0.45,7206.0
13,尼崎,北北西,7+,4-6,30,0.4,12512.0
13,尼崎,南南東,1-2,0,367,0.5477,5542.0
13,尼崎,南南東,3-4,0,166,0.5904,6398.0
13,尼崎,南南西,1-2,0,648,0.5772,7264.0
13,尼崎,南南西,3-4,0,813,0.6347,6903.0
13,尼崎,南南西,5-6,1-3,154,0.6429,5554.0
13,尼崎,南南西,5-6,4-6,59,0.6102,7021.0
13,尼崎,南南西,7+,4-6,32,0.5312,8336.0
13,尼崎,東北東,1-2,0,751,0.5806,6986.0
13,尼崎,東北東,3-4,0,1094,0.5713,5773.0
13,尼崎,東北東,5-6,1-3,275,0.5782,5679.0
13,尼崎,東北東,5-6,4-6,141,0.6099,4940.0
13,尼崎,東北東,7+,4-6,76,0.5395,5969.0
13,尼崎,東南東,1-2,0,680,0.5632,6519.0
13,尼崎,東南東,3-4,0,789,0.6033,5599.0
13,尼崎,東南東,5-6,1-3,167,0.521,6691.0
13,尼崎,東南東,5-6,4-6,91,0.5275,6203.0
13,尼崎,東南東,7+,4-6,37,0.5135,6860.0
13,尼崎,無風,0,0,2280,0.5864,6704.0
13,尼崎,西北西,1-2,0,893,0.5857,7649.0
13,尼崎,西北西,3-4,0,2443,0.5718,7147.0
13,尼崎,西北西,5-6,1-3,941,0.559,7213.0
13,尼崎,西北西,5-6,4-6,596,0.604,6969.0
13,尼崎,西北西,7+,4-6,416,0.5288,8342.0
13,尼崎,西北西,7+,7-10,72,0.4861,5702.0
13,尼崎,西南西,1-2,0,1081,0.605,7517.0
13,尼崎,西南西,3-4,0,2894,0.6102,6251.0
13,尼崎,西南西,5-6,1-3,1020,0.6353,7224.0
13,尼崎,西南西,5-6,4-6,504,0.5992,6991.0
13,尼崎,西南西,7+,4-6,286,0.5874,7952.0
13,尼崎,西南西,7+,7-10,34,0.5588,5964.0
14,鳴門,北,1-2,1-3,108,0.5833,7556.0
14,鳴門,北東,1-2,1-3,293,0.4881,7516.0
14,鳴門,北東,3-4,1-3,110,0.5091,10012.0
14,鳴門,北東,3-4,4-6,103,0.3689,9805.0
14,鳴門,北東,5-6,4-6,121,0.4298,10997.0
14,鳴門,北東,7+,7-10,66,0.3788,8344.0
14,鳴門,北西,1-2,1-3,121,0.5207,11401.0
14,鳴門,南,1-2,1-3,151,0.5828,8990.0
14,鳴門,南東,1-2,1-3,1265,0.5051,7255.0
14,鳴門,南東,3-4,1-3,212,0.4717,6123.0
14,鳴門,南東,3-4,4-6,88,0.4659,6164.0
14,鳴門,南東,5-6,4-6,34,0.5,7777.0
14,鳴門,南西,1-2,1-3,828,0.4855,8119.0
14,鳴門,南西,3-4,1-3,353,0.4844,7330.0
14,鳴門,南西,3-4,4-6,84,0.4167,9804.0
14,鳴門,東,1-2,1-3,3451,0.5204,7267.0
14,鳴門,東,3-4,1-3,1798,0.4839,7486.0
14,鳴門,東,3-4,4-6,1276,0.4624,8472.0
14,鳴門,東,5-6,4-6,1607,0.4269,8801.0
14,鳴門,東,7+,7-10,1026,0.423,8749.0
14,鳴門,無風,0,1-3,781,0.5211,8200.0
14,鳴門,西,1-2,1-3,2637,0.5222,7842.0
14,鳴門,西,3-4,1-3,1696,0.5041,7712.0
14,鳴門,西,3-4,4-6,944,0.4767,8816.0
14,鳴門,西,5-6,4-6,718,0.4972,7032.0
14,鳴門,西,7+,7-10,203,0.4335,7884.0
15,丸亀,北,1-2,1-3,1123,0.5485,7551.0
15,丸亀,北,3-4,1-3,200,0.415,6726.0
15,丸亀,北,3-4,4-6,66,0.4242,10655.0
15,丸亀,北,5-6,4-6,36,0.6111,5892.0
15,丸亀,北東,1-2,1-3,1466,0.5839,7338.0
15,丸亀,北東,3-4,1-3,422,0.5261,7601.0
15,丸亀,北東,3-4,4-6,175,0.5314,6567.0
15,丸亀,北東,5-6,4-6,136,0.4044,9246.0
15,丸亀,北西,1-2,1-3,1883,0.5454,7832.0
15,丸亀,北西,3-4,1-3,995,0.5116,7874.0
15,丸亀,北西,3-4,4-6,562,0.4591,8320.0
15,丸亀,北西,5-6,4-6,442,0.5181,8419.0
15,丸亀,北西,7+,7-10,39,0.4872,5696.0
15,丸亀,南,1-2,1-3,2339,0.5793,6821.0
15,丸亀,南,3-4,1-3,910,0.5692,6861.0
15,丸亀,南,3-4,4-6,416,0.5553,7764.0
15,丸亀,南,5-6,4-6,306,0.4967,6702.0
15,丸亀,南,7+,7-10,87,0.4943,7056.0
15,丸亀,南東,1-2,1-3,939,0.6124,6372.0
15,丸亀,南東,3-4,1-3,133,0.5338,7175.0
15,丸亀,南東,3-4,4-6,69,0.4928,8090.0
15,丸亀,南東,5-6,4-6,73,0.5068,10197.0
15,丸亀,南西,1-2,1-3,1580,0.5709,7710.0
15,丸亀,南西,3-4,1-3,635,0.5354,6781.0
15,丸亀,南西,3-4,4-6,408,0.5858,5897.0
15,丸亀,南西,5-6,4-6,526,0.5494,6544.0
15,丸亀,南西,7+,7-10,333,0.4835,8363.0
15,丸亀,東,1-2,1-3,1175,0.634,6996.0
15,丸亀,東,3-4,1-3,296,0.5811,8841.0
15,丸亀,東,3-4,4-6,57,0.5088,7104.0
15,丸亀,東,5-6,4-6,32,0.3125,6102.0
15,丸亀,無風,0,0,40,0.6,6049.0
15,丸亀,西,1-2,1-3,2148,0.5777,6661.0
15,丸亀,西,3-4,1-3,512,0.5469,7804.0
15,丸亀,西,3-4,4-6,368,0.5788,9055.0
15,丸亀,西,5-6,4-6,604,0.5315,8056.0
15,丸亀,西,7+,7-10,359,0.4847,6756.0
16,児島,北東,1-2,1-3,1940,0.5706,7679.0
16,児島,北東,3-4,1-3,1302,0.5376,8198.0
16,児島,北東,3-4,4-6,213,0.4225,9173.0
16,児島,北東,5-6,1-3,61,0.5246,5349.0
16,児島,北東,5-6,4-6,416,0.4952,8036.0
16,児島,北東,7+,4-6,67,0.4478,11670.0
16,児島,北西,1-2,1-3,2117,0.6032,7065.0
16,児島,北西,3-4,1-3,1190,0.5689,7431.0
16,児島,北西,3-4,4-6,30,0.3333,8192.0
16,児島,北西,5-6,1-3,64,0.4531,5619.0
16,児島,北西,5-6,4-6,101,0.505,5031.0
16,児島,南東,1-2,1-3,1124,0.5827,7330.0
16,児島,南東,3-4,1-3,499,0.519,8233.0
16,児島,南東,5-6,4-6,128,0.5234,7030.0
16,児島,南西,1-2,1-3,3133,0.5729,7585.0
16,児島,南西,3-4,1-3,3034,0.5722,7201.0
16,児島,南西,3-4,4-6,57,0.5789,9137.0
16,児島,南西,5-6,1-3,118,0.5847,6121.0
16,児島,南西,5-6,4-6,144,0.4653,11959.0
16,児島,南西,7+,4-6,36,0.4444,4974.0
16,児島,東,1-2,1-3,417,0.53,5979.0
16,児島,東,3-4,1-3,376,0.5319,7155.0
16,児島,東,3-4,4-6,71,0.493,11136.0
16,児島,東,5-6,1-3,34,0.5588,7141.0
16,児島,東,5-6,4-6,338,0.503,8476.0
16,児島,東,7+,4-6,62,0.5323,6695.0
16,児島,東,7+,7-10,37,0.5946,4966.0
16,児島,無風,0,1-3,309,0.5502,6500.0
16,児島,西,1-2,1-3,1814,0.5959,7300.0
16,児島,西,3-4,1-3,2317,0.5624,7897.0
16,児島,西,3-4,4-6,72,0.5417,8193.0
16,児島,西,5-6,1-3,88,0.4773,7603.0
16,児島,西,5-6,4-6,271,0.5424,5824.0
17,宮島,北,1-2,1-3,389,0.5604,7735.0
17,宮島,北,3-4,1-3,298,0.5201,7569.0
17,宮島,北,3-4,4-6,100,0.47,11686.0
17,宮島,北,5-6,4-6,85,0.5412,5555.0
17,宮島,北東,1-2,1-3,288,0.5417,6791.0
17,宮島,北東,3-4,1-3,155,0.6581,9753.0
17,宮島,北東,3-4,4-6,118,0.5424,8647.0
17,宮島,北東,5-6,4-6,68,0.4706,8736.0
17,宮島,北西,1-2,1-3,416,0.5577,9169.0
17,宮島,北西,3-4,1-3,363,0.6198,7603.0
17,宮島,北西,3-4,4-6,182,0.4945,8132.0
17,宮島,北西,5-6,4-6,196,0.5357,6148.0
17,宮島,南,1-2,1-3,743,0.6124,6753.0
17,宮島,南,3-4,1-3,44,0.6136,6936.0
17,宮島,南東,1-2,1-3,4405,0.5555,7099.0
17,宮島,南東,3-4,1-3,637,0.5651,6895.0
17,宮島,南東,3-4,4-6,214,0.4766,7126.0
17,宮島,南東,5-6,4-6,128,0.4375,8314.0
17,宮島,南西,1-2,1-3,1344,0.5878,6395.0
17,宮島,南西,3-4,1-3,597,0.5745,6928.0
17,宮島,南西,3-4,4-6,276,0.6014,6762.0
17,宮島,南西,5-6,4-6,75,0.5067,10297.0
17,宮島,東,1-2,1-3,1314,0.5776,6468.0
17,宮島,東,3-4,1-3,447,0.5302,7860.0
17,宮島,東,3-4,4-6,311,0.4984,8982.0
17,宮島,東,5-6,4-6,309,0.4563,9171.0
17,宮島,東,7+,7-10,47,0.4681,5536.0
17,宮島,無風,0,0,33,0.7273,4664.0
17,宮島,無風,0,1-3,1675,0.5803,6887.0
17,宮島,西,1-2,1-3,2210,0.6041,7626.0
17,宮島,西,3-4,1-3,2755,0.5917,7568.0
17,宮島,西,3-4,4-6,1459,0.5661,7842.0
17,宮島,西,5-6,4-6,513,0.538,7821.0
17,宮島,西,7+,7-10,56,0.6429,4407.0
18,徳山,北,1-2,1-3,843,0.6524,7546.0
18,徳山,北,3-4,1-3,322,0.587,8674.0
18,徳山,北,3-4,4-6,213,0.5775,8554.0
18,徳山,北,5-6,4-6,234,0.5684,7445.0
18,徳山,北東,1-2,1-3,1535,0.6397,7077.0
18,徳山,北東,3-4,1-3,587,0.5928,6865.0
18,徳山,北東,3-4,4-6,445,0.5865,7947.0
18,徳山,北東,5-6,4-6,279,0.5806,7682.0
18,徳山,北東,7+,7-10,64,0.5781,5422.0
18,徳山,北西,1-2,1-3,519,0.6262,8004.0
18,徳山,北西,3-4,1-3,307,0.6156,9433.0
18,徳山,北西,3-4,4-6,193,0.5699,6546.0
18,徳山,北西,5-6,4-6,152,0.4868,8172.0
18,徳山,南,1-2,1-3,3399,0.6573,6066.0
18,徳山,南,3-4,1-3,1979,0.666,5940.0
18,徳山,南,3-4,4-6,1231,0.6271,7276.0
18,徳山,南,5-6,4-6,870,0.608,6895.0
18,徳山,南,7+,7-10,118,0.5678,6065.0
18,徳山,南東,1-2,1-3,1811,0.6659,5721.0
18,徳山,南東,3-4,1-3,1071,0.6405,6507.0
18,徳山,南東,3-4,4-6,689,0.611,6801.0
18,徳山,南東,5-6,4-6,404,0.5619,5669.0
18,徳山,南東,7+,7-10,127,0.6142,7002.0
18,徳山,南西,1-2,1-3,624,0.6587,6664.0
18,徳山,南西,3-4,1-3,252,0.6468,7139.0
18,徳山,南西,3-4,4-6,172,0.657,8533.0
18,徳山,南西,5-6,4-6,102,0.6765,6660.0
18,徳山,東,1-2,1-3,1264,0.6408,7135.0
18,徳山,東,3-4,1-3,663,0.5807,6943.0
18,徳山,東,3-4,4-6,478,0.6109,7201.0
18,徳山,東,5-6,4-6,333,0.5856,7289.0
18,徳山,東,7+,7-10,31,0.5806,3961.0
18,徳山,西,1-2,1-3,462,0.6277,6741.0
18,徳山,西,3-4,1-3,198,0.5909,8973.0
18,徳山,西,3-4,4-6,129,0.5891,7895.0
18,徳山,西,5-6,4-6,52,0.4615,6420.0
19,下関,北,1-2,1-3,1713,0.6241,6756.0
19,下関,北,3-4,1-3,465,0.6,6700.0
19,下関,北,3-4,4-6,174,0.5172,11058.0
19,下関,北,5-6,4-6,198,0.5253,9014.0
19,下関,北,7+,7-10,47,0.5745,11890.0
19,下関,北東,1-2,1-3,2282,0.6367,6524.0
19,下関,北東,3-4,1-3,1001,0.6104,6528.0
19,下関,北東,3-4,4-6,505,0.5703,7632.0
19,下関,北東,5-6,4-6,399,0.5288,8673.0
19,下関,北東,7+,7-10,35,0.5429,10273.0
19,下関,北西,1-2,1-3,591,0.6464,5572.0
19,下関,北西,3-4,1-3,647,0.5672,5788.0
19,下関,北西,3-4,4-6,484,0.6219,7644.0
19,下関,北西,5-6,4-6,385,0.6078,5992.0
19,下関,北西,7+,7-10,162,0.5617,7095.0
19,下関,南,1-2,1-3,1547,0.6225,6456.0
19,下関,南,3-4,1-3,371,0.5472,7765.0
19,下関,南,3-4,4-6,81,0.5926,9830.0
19,下関,南東,1-2,1-3,1131,0.6366,5726.0
19,下関,南東,3-4,1-3,729,0.5871,7682.0
19,下関,南東,3-4,4-6,314,0.6306,5723.0
19,下関,南東,5-6,4-6,74,0.5135,10225.0
19,下関,南西,1-2,1-3,1366,0.6186,6728.0
19,下関,南西,3-4,1-3,519,0.5549,6188.0
19,下関,南西,3-4,4-6,63,0.619,6814.0
19,下関,東,1-2,1-3,1332,0.6419,7038.0
19,下関,東,3-4,1-3,924,0.6483,6349.0
19,下関,東,3-4,4-6,537,0.5233,7440.0
19,下関,東,5-6,4-6,581,0.4905,7392.0
19,下関,東,7+,7-10,105,0.5524,7328.0
19,下関,西,1-2,1-3,722,0.6039,7881.0
19,下関,西,3-4,1-3,607,0.5667,8000.0
19,下関,西,3-4,4-6,382,0.5183,7855.0
19,下関,西,5-6,4-6,259,0.5135,7466.0
19,下関,西,7+,7-10,46,0.3478,7832.0
20,若松,北北東,1-2,1-3,3523,0.6273,7306.0
20,若松,北北東,3-4,1-3,349,0.5702,6759.0
20,若松,北北東,3-4,4-6,92,0.5978,6851.0
20,若松,北北西,1-2,1-3,1119,0.6247,6965.0
20,若松,北北西,3-4,1-3,819,0.5861,6161.0
20,若松,北北西,3-4,4-6,641,0.5382,7663.0
20,若松,北北西,5-6,4-6,477,0.4717,7606.0
20,若松,北北西,7+,7-10,182,0.5165,6020.0
20,若松,南南東,1-2,1-3,214,0.5327,8571.0
20,若松,南南東,3-4,1-3,182,0.467,7844.0
20,若松,南南東,3-4,4-6,174,0.454,9309.0
20,若松,南南東,5-6,4-6,132,0.5303,8675.0
20,若松,南南西,1-2,1-3,143,0.5594,5965.0
20,若松,東北東,1-2,1-3,1473,0.609,6637.0
20,若松,東北東,3-4,1-3,1193,0.5868,6924.0
20,若松,東北東,3-4,4-6,802,0.5499,7458.0
20,若松,東北東,5-6,4-6,603,0.5423,8085.0
20,若松,東北東,7+,7-10,152,0.4868,8313.0
20,若松,東南東,1-2,1-3,889,0.5681,7946.0
20,若松,東南東,3-4,1-3,1197,0.5581,7230.0
20,若松,東南東,3-4,4-6,1266,0.5569,7763.0
20,若松,東南東,5-6,4-6,1231,0.4988,7094.0
20,若松,東南東,7+,7-10,338,0.4675,7156.0
20,若松,無風,0,0,115,0.7391,4264.0
20,若松,無風,0,1-3,802,0.6571,7337.0
20,若松,西北西,1-2,1-3,260,0.5885,8361.0
20,若松,西北西,3-4,1-3,406,0.601,6866.0
20,若松,西北西,3-4,4-6,465,0.572,7758.0
20,若松,西北西,5-6,4-6,758,0.529,8055.0
20,若松,西北西,7+,7-10,434,0.5,6280.0
20,若松,西南西,1-2,1-3,234,0.5855,7114.0
20,若松,西南西,3-4,1-3,288,0.566,6312.0
20,若松,西南西,3-4,4-6,261,0.6092,6196.0
20,若松,西南西,5-6,4-6,220,0.4773,7193.0
21,芦屋,北,1-2,1-3,2978,0.6142,7634.0
21,芦屋,北,3-4,1-3,221,0.629,6176.0
21,芦屋,北,3-4,4-6,83,0.5783,13052.0
21,芦屋,北東,1-2,1-3,622,0.6061,8798.0
21,芦屋,北東,3-4,1-3,394,0.5964,7129.0
21,芦屋,北東,3-4,4-6,283,0.5654,8214.0
21,芦屋,北東,5-6,4-6,232,0.5431,7445.0
21,芦屋,北西,1-2,1-3,583,0.6141,6516.0
21,芦屋,北西,3-4,1-3,78,0.641,9609.0
21,芦屋,南,1-2,1-3,1106,0.6483,7784.0
21,芦屋,南,3-4,1-3,835,0.6563,7268.0
21,芦屋,南,3-4,4-6,553,0.6709,7943.0
21,芦屋,南,5-6,4-6,282,0.6986,6861.0
21,芦屋,南,7+,7-10,52,0.6923,2581.0
21,芦屋,南東,1-2,1-3,1103,0.6138,6719.0
21,芦屋,南東,3-4,1-3,1352,0.6331,6986.0
21,芦屋,南東,3-4,4-6,1107,0.598,8737.0
21,芦屋,南東,5-6,4-6,718,0.6045,7523.0
21,芦屋,南東,7+,7-10,127,0.5748,6583.0
21,芦屋,南西,1-2,1-3,395,0.638,6774.0
21,芦屋,南西,3-4,1-3,439,0.6196,7023.0
21,芦屋,南西,3-4,4-6,412,0.6481,9104.0
21,芦屋,南西,5-6,4-6,245,0.6735,6429.0
21,芦屋,南西,7+,7-10,31,0.6129,4976.0
21,芦屋,東,1-2,1-3,357,0.6331,6374.0
21,芦屋,東,3-4,1-3,363,0.5758,7388.0
21,芦屋,東,3-4,4-6,546,0.5604,8520.0
21,芦屋,東,5-6,4-6,723,0.5781,8541.0
21,芦屋,東,7+,7-10,292,0.5856,6701.0
21,芦屋,無風,0,1-3,934,0.6606,6290.0
21,芦屋,西,1-2,1-3,1270,0.6197,7318.0
21,芦屋,西,3-4,1-3,916,0.6146,7691.0
21,芦屋,西,3-4,4-6,957,0.5705,8096.0
21,芦屋,西,5-6,4-6,950,0.5642,7925.0
21,芦屋,西,7+,7-10,205,0.5122,10809.0
22,福岡,北北東,1-2,1-3,1594,0.4875,7473.0
22,福岡,北北東,3-4,1-3,623,0.504,8042.0
22,福岡,北北東,3-4,4-6,185,0.5784,5872.0
22,福岡,北北東,5-6,4-6,57,0.5263,6628.0
22,福岡,北北西,1-2,1-3,173,0.5145,6698.0
22,福岡,北北西,3-4,1-3,84,0.5476,9870.0
22,福岡,南南東,1-2,1-3,991,0.552,6294.0
22,福岡,南南東,3-4,1-3,1186,0.5767,6437.0
22,福岡,南南東,3-4,4-6,586,0.5529,5959.0
22,福岡,南南東,5-6,4-6,328,0.5244,8705.0
22,福岡,南南東,7+,7-10,66,0.7121,5618.0
22,福岡,南南西,1-2,1-3,5200,0.5738,6595.0
22,福岡,南南西,3-4,1-3,3419,0.5756,6467.0
22,福岡,南南西,3-4,4-6,655,0.5893,5870.0
22,福岡,南南西,5-6,4-6,236,0.5678,6393.0
22,福岡,東北東,1-2,1-3,132,0.5379,7298.0
22,福岡,東北東,3-4,1-3,241,0.5145,8931.0
22,福岡,東北東,3-4,4-6,272,0.4669,8812.0
22,福岡,東北東,5-6,4-6,149,0.5302,6336.0
22,福岡,東南東,1-2,1-3,298,0.5604,5654.0
22,福岡,東南東,3-4,1-3,226,0.5752,6871.0
22,福岡,東南東,3-4,4-6,228,0.5351,6495.0
22,福岡,東南東,5-6,4-6,209,0.6029,6070.0
22,福岡,無風,0,1-3,34,0.4118,5205.0
22,福岡,西北西,1-2,1-3,374,0.516,6195.0
22,福岡,西北西,3-4,1-3,405,0.4938,7719.0
22,福岡,西北西,3-4,4-6,332,0.5181,7738.0
22,福岡,西北西,5-6,4-6,133,0.5263,7811.0
22,福岡,西南西,1-2,1-3,653,0.5544,5576.0
22,福岡,西南西,3-4,1-3,897,0.5686,6219.0
22,福岡,西南西,3-4,4-6,619,0.5089,7089.0
22,福岡,西南西,5-6,4-6,349,0.553,7027.0
22,福岡,西南西,7+,7-10,83,0.4699,8751.0
23,唐津,北北東,1-2,1-3,845,0.5811,6379.0
23,唐津,北北東,3-4,1-3,360,0.5611,6584.0
23,唐津,北北東,3-4,4-6,138,0.5725,8580.0
23,唐津,北北東,5-6,4-6,129,0.5426,6777.0
23,唐津,北北西,1-2,1-3,757,0.5548,7115.0
23,唐津,北北西,3-4,1-3,442,0.5543,6711.0
23,唐津,北北西,3-4,4-6,260,0.5423,9101.0
23,唐津,北北西,5-6,4-6,159,0.5472,7485.0
23,唐津,東北東,1-2,1-3,1844,0.5358,8047.0
23,唐津,東北東,3-4,1-3,1875,0.5269,7396.0
23,唐津,東北東,3-4,4-6,1608,0.5323,7609.0
23,唐津,東北東,5-6,4-6,1533,0.5225,7869.0
23,唐津,東北東,7+,7-10,556,0.4532,7495.0
23,唐津,東南東,1-2,1-3,315,0.5778,7814.0
23,唐津,東南東,3-4,1-3,648,0.5648,7147.0
23,唐津,東南東,3-4,4-6,998,0.522,8276.0
23,唐津,東南東,5-6,4-6,1375,0.5062,7740.0
23,唐津,東南東,7+,7-10,373,0.5201,6727.0
23,唐津,無風,0,0,428,0.5701,5985.0
23,唐津,無風,0,1-3,77,0.8052,3140.0
23,唐津,西北西,1-2,1-3,1155,0.6052,6744.0
23,唐津,西北西,3-4,1-3,1346,0.5594,7204.0
23,唐津,西北西,3-4,4-6,782,0.5473,7626.0
23,唐津,西北西,5-6,4-6,426,0.5516,7137.0
23,唐津,西北西,7+,7-10,68,0.6029,6869.0
23,唐津,西南西,1-2,1-3,675,0.5956,6513.0
23,唐津,西南西,3-4,1-3,779,0.5879,7665.0
23,唐津,西南西,3-4,4-6,665,0.5549,8151.0
23,唐津,西南西,5-6,4-6,672,0.5476,7672.0
23,唐津,西南西,7+,7-10,256,0.5938,4987.0
24,大村,北,1-2,1-3,2076,0.6604,6291.0
24,大村,北,3-4,1-3,255,0.5608,5837.0
24,大村,北,5-6,4-6,42,0.619,13448.0
24,大村,北東,1-2,1-3,2014,0.6375,6938.0
24,大村,北東,3-4,1-3,466,0.5644,7498.0
24,大村,北東,5-6,4-6,80,0.55,5453.0
24,大村,北西,1-2,1-3,1501,0.6589,6531.0
24,大村,北西,3-4,1-3,231,0.5671,9882.0
24,大村,北西,5-6,4-6,48,0.5833,10820.0
24,大村,南,1-2,1-3,3581,0.6308,6310.0
24,大村,南,3-4,1-3,1368,0.6265,6624.0
24,大村,南,5-6,4-6,308,0.5942,8067.0
24,大村,南,7+,4-6,125,0.64,6665.0
24,大村,南,7+,7-10,130,0.6462,4183.0
24,大村,南東,1-2,1-3,1559,0.5933,6288.0
24,大村,南東,3-4,1-3,401,0.606,5788.0
24,大村,南東,5-6,4-6,55,0.5636,7643.0
24,大村,南西,1-2,1-3,1315,0.6867,6024.0
24,大村,南西,3-4,1-3,1779,0.6852,5839.0
24,大村,南西,5-6,4-6,599,0.6694,6334.0
24,大村,南西,7+,4-6,127,0.6299,5167.0
24,大村,南西,7+,7-10,64,0.6875,6103.0
24,大村,東,1-2,1-3,1581,0.6022,6616.0
24,大村,東,3-4,1-3,389,0.5347,7441.0
24,大村,東,5-6,4-6,88,0.5,14485.0
24,大村,東,7+,7-10,31,0.6452,6478.0
24,大村,無風,0,0,405,0.6741,5400.0
24,大村,無風,0,1-3,417,0.6523,5555.0
24,大村,西,1-2,1-3,576,0.7031,5484.0
24,大村,西,3-4,1-3,275,0.5855,5963.0
24,大村,西,5-6,4-6,108,0.5093,5516.0
